gender,test_preparation,study_hours,sleep_hours,math_score,reading_score,writing_score,avg_score,pass_fail
male,completed,2.042827508440317,9.251139685951467,53.981126348029264,68.047752140466,72.20954606735205,64.74614151861577,1
female,completed,7.287508086413858,8.275332613170239,52.84621344478428,63.69735029208024,94.379307262927,70.30762366659717,1
male,none,5.676992814988829,6.477021798388211,68.00853795846415,70.00739142399236,73.58158208910294,70.53250382385315,1
male,completed,4.169424172198397,6.476113443522356,82.22956024143073,78.4168944850076,73.83738793501894,78.16128088715242,1
male,completed,6.26556373221257,6.5175474231739265,49.762672715324044,49.78603257413042,67.20319020473681,55.58396516473042,1
female,none,9.541385715608792,10.0,65.92519774771958,37.853466656078666,86.35353323627942,63.37739921335922,1
male,none,5.36373251011699,7.57290317834733,71.4322475049586,62.29248410711783,84.44703850716326,72.7239233730799,1
male,none,5.496441172600672,7.645062470786605,75.39658410894717,52.910026037201774,58.614840687556814,62.30715027790192,1
male,none,4.081278200919511,8.545425181047763,67.64662332915837,62.886037232937646,48.211292081018485,59.581317547704835,1
female,completed,3.3003112610704166,7.35818373853977,59.494582413750166,67.9310755365554,64.95529043906514,64.1269827964569,1
male,none,6.660671633088491,6.611436781268945,52.5861466902692,63.65452227367781,55.99942153403531,57.41336349932744,1
male,none,3.2878323481822656,6.705475226372533,66.29215824569562,90.33454548259044,67.04713138076967,74.55794503635191,1
male,completed,5.143132474438785,6.892598110878904,48.9179148202159,74.57442670443248,86.56157202026209,70.01797118163682,1
male,none,4.044685106469767,6.944166645235238,21.17974274758089,74.2066410345516,61.14047517369815,52.17561965194354,1
female,none,5.957959651492784,8.091444315455469,71.54839706236501,78.71090001660762,67.35764928032637,72.53898211976633,1
male,none,5.667324210573897,7.077918828710949,78.55902261629294,54.056336351069234,68.87034102212593,67.16189999649603,1
female,none,7.075079888515798,8.098960115823369,29.55601346687242,84.54756502388376,80.72646323307927,64.94334724127849,1
female,none,3.979967202290506,6.878925129837127,49.854039429350934,68.93929998850356,34.29665999023092,51.02999980269514,1
female,completed,4.460250129413257,7.117952785474136,74.28731391507796,79.38672864137698,58.89949557852055,70.85784604499183,1
male,completed,3.042472568435385,4.002698973201839,95.86243204567548,54.99399873743782,71.16925538419208,74.00856205576845,1
female,none,4.111413479847776,8.374491512053723,65.31190561513112,48.2473772757751,86.00118434640292,66.52015574576971,1
male,none,5.754600986089704,7.519732713846989,54.07995588156298,81.4504552123504,60.621463287406925,65.38395812710677,1
female,none,6.513977233290704,8.497015164789477,62.256553383427395,75.26973336536523,39.85170940937189,59.12599871938817,1
female,none,3.1556693516447494,4.0,85.62314628722277,57.371278238994854,77.29567168949204,73.43003207190321,1
female,none,6.73921184021132,10.0,55.310537313131974,57.824716862154276,58.46956416761556,57.2016061143006,1
female,none,7.711275717609902,6.790615557767239,53.0121199002462,85.75608698180677,50.155000113644576,62.97440233189918,1
female,none,5.826869806447402,8.662274225106275,57.758847167269515,53.348233499857415,58.63481915430164,56.58063327380952,1
female,none,8.753591625116131,5.440141109311703,50.70007087611931,92.99742134558349,65.23211963516226,69.64320395228836,1
female,none,3.452421601792854,7.919160857593854,66.84005473992194,57.39130971492984,58.92883003192681,61.05339816225953,1
female,none,2.510690593377166,5.419876655239516,89.3701768770434,78.93748695851735,34.91650914351396,67.74139099302491,1
male,none,1.4425595021914428,6.064346558956292,69.84618909674043,65.39934133951422,81.45599295330697,72.23384112985387,1
male,completed,7.9920886229783665,9.87104703080018,61.21469746810568,78.4446240351528,87.12312561918083,75.5941490408131,1
female,completed,6.308731312708115,6.71397639885498,60.62283096626684,62.382403970401306,77.77282987009258,66.92602160225357,1
female,completed,4.8888306581790895,7.326149309769584,41.552137869550144,67.72089931498788,50.93471494362775,53.402584042721934,1
female,none,5.5599372526396404,8.305101596033131,78.24664665720738,70.57286845554009,64.97762699078723,71.26571403451156,1
male,completed,2.749021905403247,7.743522831958907,63.83244204480797,55.96937561905938,67.90218027155812,62.5679993118085,1
female,none,9.891503959233653,7.225628357715364,62.29280129614062,80.37154083588176,76.98191584342865,73.21541932515034,1
male,none,5.258442363950455,7.547441503699338,100.0,62.81501006939781,78.02510733077122,80.28003913338968,1
male,completed,5.218789589209786,10.0,69.48129362548529,66.79960118523974,56.987393018322564,64.42276260968254,1
male,none,6.451533247797384,6.913571804449622,53.72313424857224,56.07910875548083,69.22993334620341,59.67739211675215,1
male,completed,5.962018463473426,7.301648570072452,58.60463605691685,34.12732877686565,74.85920606922862,55.86372363433704,1
male,completed,5.447768048558263,8.575981594011418,82.22668563795132,67.32561132359763,89.83733483220149,79.79654393125016,1
female,none,3.4190510891093764,8.658288899436975,66.69905615806647,100.0,78.56759809737085,81.7555514184791,1
female,completed,5.942936714271991,8.78054545834057,43.4258303252395,80.98446003057234,79.83585031063278,68.08204688881487,1
female,completed,8.764048992950068,7.958095333043777,78.78843401862805,69.73035468371847,69.25739941894041,72.59206270709564,1
female,none,7.690840092309955,5.285492630904274,54.97783871691509,66.31952839108425,89.15688717805256,70.15141809535062,1
female,none,8.186373253278795,9.450147298451643,93.09946664326318,70.31452249936865,74.14644193939246,79.18681036067477,1
male,completed,3.9775686471376295,5.280481910471968,81.20072098571973,77.65966761245294,55.08368134739644,71.31468998185638,1
female,none,3.020790359482838,7.453953197858549,58.29017156511873,53.46862058567617,89.05054955187786,66.93644723422426,1
female,completed,4.748426159800704,5.868586224970963,84.2152454260267,85.6005037253642,78.46854908808541,82.7614327464921,1
male,completed,5.111449824577389,6.9037924801105115,66.01783265791104,80.01533841617741,61.354339683072766,69.12917025238707,1
female,none,7.188383036941897,7.493143615455221,77.79160512683329,80.05460015991108,60.80760548901135,72.88460359191856,1
male,none,1.6150707405703613,7.482035823175409,72.27099225941713,76.13866034333618,72.44863317711143,73.61942859328825,1
female,none,8.059100638921228,7.632881131352927,52.3046501751369,70.27463320771587,74.94777192901377,65.84235177062219,1
male,none,4.683984202842021,9.420566903587972,55.346752515238066,79.42005730353549,70.95938398446809,68.57539793441389,1
female,none,4.14623786010516,7.68030145227097,80.44941226371742,78.28539787237929,72.66963010164328,77.13481341258,1
female,none,2.975791249479665,6.633765047064027,59.97837001840189,65.04343004682566,93.49936061864571,72.84038689462442,1
male,completed,1.6902866562684613,8.446130752432536,58.94527305137005,61.96957517944339,84.07314728352328,68.32933183811224,1
male,none,6.646341167923829,8.784205733386962,50.673161309759706,71.42598813366781,70.85953386897536,64.3195611041343,1
male,completed,5.146635934376808,5.158588277294511,71.35398598390192,91.68628212093262,82.11965871151224,81.71997560544892,1
male,none,2.4200782005178922,7.896100104774787,95.93787378864718,52.652500940845385,52.512141447086904,67.03417205885982,1
male,completed,2.409842455872768,8.051759113466348,48.9870062861859,49.45464627946584,73.96890574920214,57.47018610495129,1
male,completed,4.328430601419743,6.553654744960012,65.36329185009137,72.30665177731123,95.13959524599665,77.60317962446642,1
male,none,8.338043050578786,9.063560219967428,86.18330833123144,70.71242782598425,64.72931156911439,73.87501590877669,1
male,none,4.48081729727279,6.77491661945121,63.805379131314275,72.42678330118571,55.28549107071373,63.83921783440457,1
female,none,1.9937140937637876,7.188364680207314,71.78557694374601,73.415344770719,58.21866667110409,67.80652946185637,1
female,none,4.508513871828112,6.740392263574195,49.0640970777968,66.87516843511273,51.655504439864174,55.864923317591234,1
male,completed,4.454552860504659,7.023368571372202,71.42460645811472,90.85808814042915,56.22857137808445,72.8370886588761,1
female,completed,0.5,5.355587369657197,62.192836024931765,47.587344301328784,62.442378521149564,57.40751961580337,1
female,completed,4.8914102669643755,4.839923676108558,79.78594993519795,58.401041653076554,46.91649471232037,61.701162100198296,1
female,none,4.538130939582644,9.391757594837458,82.81079077347127,68.55443335791334,68.23427500924404,73.19983304687621,1
female,none,6.3924127296268365,5.729557977522508,100.0,46.99535664384166,81.53415760679971,76.1765047502138,1
male,none,8.69791218989069,5.512911475815539,73.69449759820364,67.53803833795101,54.38365729779619,65.20539774465028,1
female,completed,7.253130059095515,4.0,69.8869447487325,93.26058232019226,90.78925885462652,84.64559530785043,1
male,none,4.462222618890339,6.041557378465747,67.91576452366004,70.29241083614346,75.66188132791392,71.2900188959058,1
female,none,2.7869481825166593,5.015365309888752,59.702505607839676,73.22981268006157,83.45870878436085,72.1303423574207,1
female,none,10.14671960649972,9.463022740204554,70.07725765192536,52.35769328758388,58.132481692217944,60.189144210575726,1
female,none,5.118436868028977,8.514725634013951,60.56897884791456,61.37094028744731,80.81787840599924,67.58593251378703,1
male,none,5.027858583825893,5.9677744822334144,67.52691464404421,64.74725067546488,51.6209914940703,61.298385604526466,1
female,completed,4.951749825779993,10.0,84.7639630341194,65.55198864541272,81.35371251254763,77.22322139735992,1
male,completed,5.39616952153571,8.47264823048739,49.90186152080538,87.94301313005276,70.57759009690297,69.47415491592038,1
female,none,4.711279176152115,6.512752924737066,82.09817841693568,77.80767485015174,76.29876829977175,78.73487385561972,1
male,completed,3.8526759862395275,4.0,84.75672601009798,54.43958860288156,50.36608091562722,63.18746517620226,1
female,completed,3.9062821175192157,10.0,63.22897209513382,73.45106689804807,54.57395236585093,63.75133045301093,1
male,completed,4.934493459568003,4.915641299854606,33.17217651487108,76.97510447895499,76.95842327380078,62.36856808920894,1
male,completed,3.91315045773247,4.531901879564662,55.882670193583515,85.96208653929773,53.77477993663699,65.20651222317275,1
female,none,3.5743084346456713,8.53385564801446,84.45491819841664,92.12756961195723,74.94809438148684,83.8435273972869,1
male,none,5.212860455383794,10.0,64.65697906551677,55.78868131440984,47.49293290309632,55.97953109434098,1
female,none,4.490045565158289,9.076409227765778,50.01046651557634,58.647994843055265,80.72261319000002,63.127024849543865,1
female,completed,8.007985977165378,7.84586368007854,57.42837618157674,52.39390997519537,49.51215027847236,53.11147881174816,1
female,none,0.5,7.892131512497929,77.60930039756829,66.72372197250226,76.28449906519285,73.53917381175447,1
female,none,7.1830137038449235,8.280123338170462,73.20100352302069,76.52901724224868,77.38446400469002,75.70482825665313,1
female,completed,7.492170384995259,8.138392884680147,61.416018512454585,83.82268323224743,57.54842272355638,67.59570815608613,1
female,none,0.8532195351837011,7.421787135954064,59.49763382277969,68.93668566900467,76.7303985062709,68.38823933268509,1
female,completed,4.314624811839303,7.156301655927814,59.12362776434267,65.52213467443218,71.90663395000334,65.51746546292607,1
female,none,4.257118268008417,6.9061103081507165,51.163847232522464,72.12461189148236,59.91737215710893,61.06861042703792,1
female,none,2.1849766105643575,5.869053116699986,89.23063534204162,58.30799937717968,52.871679738856876,66.80343815269272,1
female,completed,3.444366624818249,6.578987384699839,60.1651929618299,99.25354210372683,38.56061462491131,65.99311656348935,1
female,completed,2.7788483090683425,4.460564778706922,83.25737781238244,47.49274562034718,73.2447507094954,67.99829138074168,1
male,none,8.504540886847245,6.852490559807875,87.81974077883677,72.58636810454014,44.52795842956917,68.31135577098203,1
male,none,6.871356786294922,5.517113339273624,79.9746634722194,98.33048706921495,69.43016299161962,82.57843784435133,1
female,none,7.543110189988317,5.344616024176344,58.52569530922928,70.09519782383997,64.04827675876626,64.22305663061184,1
female,none,6.44334412808647,7.269841226730218,71.05595135504915,67.33945350997908,78.18714163157293,72.19418216553372,1
female,completed,2.7418964575655416,9.088003429516899,64.63706590413626,64.99576408065403,63.469317507652036,64.36738249748078,1
female,completed,3.9509594674404527,8.37747490900347,51.44447208904808,67.4745164553263,63.05828320479363,60.659090583056006,1
female,none,5.978749122455836,4.644249094565234,69.86538922582405,89.21987864547143,78.97806056432444,79.3544428118733,1
female,completed,2.5557443822161092,5.515557795144494,47.31440313260296,39.033933241386904,73.02587043626177,53.12473560341721,1
female,none,6.425996860344776,8.411156781982324,82.81519082692346,91.46807181814856,72.74233935774167,82.34186733427123,1
female,none,4.5193492036837295,5.5262689096925355,58.03074054052411,50.06459986569797,75.03901384712789,61.04478475111665,1
male,none,4.250358384900805,6.663050275004463,68.01739483809259,66.26686739071819,44.966418151893414,59.75022679356806,1
female,completed,6.421919936406983,7.825078148536828,69.24931807319213,63.990578115818735,79.35183019980472,70.86390879627186,1
male,none,5.88852662297208,5.547483317704547,61.11642539443884,78.23974577679007,77.18703191020404,72.18106769381099,1
female,none,4.278067668361841,7.15806325921894,73.80040702212912,47.62625907362754,52.74975307135254,58.0588063890364,1
female,none,7.318659606728496,4.998961757622693,57.876445150662136,76.4704173251472,64.33879289488698,66.2285517902321,1
male,none,2.8378733448002054,6.097948534073179,78.06945946185866,98.34033472601594,67.41039068558553,81.27339495782003,1
female,completed,6.231871213888527,7.479672901213806,44.81030479629877,50.91556393570065,65.98254823397401,53.90280565532448,1
male,none,6.186202515936768,4.6105093997024955,66.89569369319618,72.65588634654554,73.00789949852802,70.85315984608992,1
female,none,4.38090712137202,7.660712106940599,94.08393498587427,60.732249510847474,89.47050172746775,81.42889540806317,1
female,completed,5.652266044484236,6.970543301609978,49.995030130916376,75.9624208867025,84.22650091509243,70.06131731090376,1
male,completed,2.497772847229394,7.828734931625721,54.83382544212723,70.26806888382053,48.31671209852891,57.80620214149223,1
female,completed,6.848054038413802,7.335871201096992,72.70861774488372,61.01918327337967,77.33104985459073,70.35295029095137,1
male,completed,4.630195727114022,9.046210644960766,67.69372672909397,76.83021198819503,87.93399979303115,77.48597950344005,1
female,completed,3.954553958961921,7.187836753971861,70.25945148910338,95.2608735370144,73.80212781033804,79.77415094548529,1
male,none,7.098018451673779,6.355891688312121,72.33780695221495,67.32734691581781,84.3647063777895,74.67662008194075,1
male,completed,3.5913126189144817,7.183446254548426,74.52082202842655,80.07661119007454,98.18405668551148,84.26049663467086,1
female,completed,2.1830774072728807,7.814947043554582,81.64549762934334,51.89417858980371,83.35564319160471,72.29843980358392,1
female,none,1.8867416529521925,7.073290105488557,71.14727985392769,56.60989072454788,71.73962893462593,66.49893317103384,1
male,completed,6.21201990269128,7.060887536805824,61.38113518072186,76.61368789032528,83.6763271112713,73.89038339410615,1
female,none,2.439141295007434,5.947012468289866,75.08860551804096,90.77762439950351,70.17331749645336,78.67984913799928,1
female,completed,8.50958836396873,6.0056486236735775,93.49822902342824,74.97858688299924,68.35854564927433,78.94512051856726,1
female,completed,0.8361411842325559,4.89609209230046,63.010493804261394,65.61718757267585,62.72878646429401,63.78548928041042,1
male,none,8.392912736580076,9.62436511478041,50.38206042994038,69.99007967592696,91.45120038248163,70.60778016278299,1
male,none,5.422034934405237,5.1342051469130725,81.60621003930459,52.49429172442396,55.72357001086998,63.27469059153284,1
male,none,4.806573776259215,5.960642203306139,63.19428254069603,78.46321456897513,90.98551587017174,77.54767099328097,1
male,none,3.9101618263821005,5.922389101646203,32.409956809789456,82.35266287252773,75.49796185610558,63.420193846140926,1
male,none,5.798272228704142,8.342386565416662,77.71132515725633,63.670735340336876,47.01040737797088,62.797489291854696,1
male,completed,4.9247305951503035,6.557575482561958,56.97007721069116,63.41940993136698,73.51473939487133,64.63474217897648,1
male,completed,7.2066037640330425,8.871613109010601,63.64200076543759,73.72229521512868,36.49960238522564,57.95463278859731,1
male,none,5.228455297324079,5.9897640636341976,69.97970495853522,63.885923695431664,77.38262025246553,70.41608296881081,1
male,none,5.300603522923756,7.418491243335703,67.857495196686,69.07414339523848,81.27847224483486,72.73670361225311,1
female,none,4.272775575572288,5.746979420110364,75.6417772570856,99.39610504833121,59.1146606652192,78.05084765687867,1
male,none,4.886108752557865,10.0,58.46770444145235,66.54164018955605,69.85321543933374,64.95418669011404,1
female,completed,5.615603537784119,5.218602371455731,72.69658697264124,64.98323787170288,97.31236150625429,78.3307287835328,1
female,none,1.5796632146867489,7.464731065340541,61.106799836241244,60.93441472110777,60.41379943607095,60.81833799780665,1
female,completed,2.303629155788574,7.950665321398148,76.08215721331254,80.4186876009991,52.11638619415099,69.53907700282087,1
male,none,6.48652818804543,7.620698646177248,74.23051226019581,67.46286157494656,90.22495103693899,77.30610829069379,1
male,none,5.341730876255884,6.722068511683437,50.96841946933107,60.90877746350004,97.43880785796192,69.77200159693102,1
male,none,4.632033327294642,6.805268950399861,81.28973174262549,88.49825645182217,68.0554350777177,79.28114109072179,1
male,none,5.036867866130787,7.065717207968665,56.96054832328928,89.87444206319091,83.17194553112535,76.66897863920185,1
female,none,5.695163410723342,6.779496997557267,77.12086697421718,61.594070079658124,88.12213873296321,75.61235859561283,1
male,completed,3.920480639381277,8.445818675192365,70.50930970102011,43.86844068095137,56.86273651192424,57.08016229796524,1
male,none,3.4433905491953745,10.0,92.57275515192684,84.10519165771692,60.72041246948198,79.13278642637523,1
male,none,5.391690510195363,6.16376232248825,61.64801026442222,60.415182439359945,86.46311769732102,69.50877013370106,1
male,none,3.0432544447699357,4.945295530631383,59.760248058227035,81.06875838827877,93.27521418062764,78.03474020904447,1
male,completed,5.816505511428944,6.8675769274731175,64.708705911684,42.4185465520343,76.44321290261533,61.19015512211121,1
female,none,1.5948327915243192,10.0,60.452303257485866,82.49636273619033,54.802784697469185,65.9171502303818,1
male,completed,7.058311274651287,5.794488148045404,76.99912852913076,53.04359299006906,97.80591667549162,75.94954606489715,1
female,completed,5.9451949648260864,9.4586752081661,40.75534087345118,80.23069766693135,60.03543653282053,60.34049169106769,1
male,none,5.5120594686277515,9.51655122111466,49.194763712804686,70.19982294971008,62.97293328242822,60.78917331498099,1
female,completed,6.965381967891028,6.169617637438008,48.9829561763121,56.644848128446974,73.13506751734432,59.58762394070114,1
male,completed,8.330948888925153,7.853474618777913,79.25461387960364,64.30149161902507,91.31240631072161,78.2895039364501,1
male,none,7.028740130036261,9.442594934692806,90.65920058872888,79.6084583973938,80.80963964828335,83.69243287813534,1
female,none,1.3182515373367094,6.43130838851877,63.433261721937924,71.48252234361328,74.22298250542866,69.71292219032662,1
female,none,2.440846066528597,6.694629459846458,62.46767415214984,78.18178172661479,74.9493279517716,71.8662612768454,1
female,none,3.7503628446086426,6.127478629077034,66.05078244669772,97.6701681832168,68.65272002965199,77.4578902198555,1
male,none,5.052182100421668,5.4778649039606995,82.42817453912286,48.10061743604528,76.37209271777759,68.96696156431524,1
female,completed,6.035318040938246,6.026083682400989,51.089702987141386,92.64097604956073,30.056598834585458,57.92909262376253,1
male,completed,3.548512373693069,5.164089599856615,68.57553474102178,71.46098312532499,63.55088811395302,67.86246866009994,1
male,none,5.373533528954157,7.051125202388839,79.62796444673644,57.4170233234762,71.61982902375172,69.55493893132144,1
female,none,3.489234135293355,5.845040153412038,72.51641254909768,51.37560923965414,50.73478874570739,58.20893684481973,1
female,none,3.7769643940161037,7.350678867686121,67.84372424898115,67.35231452912153,73.7948497671734,69.66362951509201,1
male,none,2.1866778063035555,4.666156530694559,80.01569138850712,82.90310156694242,64.93293168520817,75.95057488021924,1
male,completed,3.1535335077781914,7.496320348321685,24.451515605011444,68.21431231471452,94.33213547473235,62.332654464819434,1
female,none,2.2966307887673327,8.250293442413387,75.16812979296361,91.15616902346287,91.59529587822284,85.97319823154977,1
female,completed,3.0482534940453343,4.009396536142817,55.188864753088644,49.683540339278174,61.012916463227555,55.29510718519813,1
female,none,7.107283593215679,7.561084854771358,37.54050654715314,69.83075473015523,65.73743432649957,57.702898534602646,1
male,none,3.1012022223361138,8.841503488709938,72.66803899287471,52.46649177821634,66.89078651587411,64.00843909565505,1
male,none,10.26476412967478,5.185538471963191,85.60487817744436,75.09084635674955,61.22510785760566,73.97361079726652,1
male,completed,5.9866358017617785,9.508858580256554,62.93827228058462,82.4164234613622,70.9253747604219,72.0933568341229,1
male,completed,5.369672247389747,7.6285285140490675,79.29311820804408,64.10933488846526,56.625768966686145,66.67607402106516,1
male,completed,3.2832844396375727,5.942482216362387,89.18417386982968,33.54100600722012,51.04076997593711,57.921983284328974,1
male,none,6.4006197588179825,6.916346383513441,84.72371680376071,72.78527405515092,77.34066835850403,78.28321973913854,1
female,none,3.848724347524452,7.837490368782584,89.59946794057089,76.11433972426913,77.44294376332716,81.05225047605573,1
male,completed,5.244019629290723,7.114008087118617,76.13191236607838,75.66012656946377,55.93526360510012,69.24243418021409,1
male,completed,10.12016907653759,7.808133988669554,66.13150458352389,87.30095068551016,81.430331461439,78.28759557682434,1
male,none,4.8078802005507,5.61898961038095,40.97051282154247,55.00524848491332,58.52633406252003,51.50069845632527,1
female,completed,7.298546652571352,7.254041236054117,61.30906267805077,79.52302547630629,71.79747857056972,70.87652224164226,1
male,none,3.593647149748225,4.87942825464253,52.35130107025712,86.69510517469165,80.30516018918684,73.11718881137854,1
male,none,4.930023019006077,6.83316090797695,97.5641407624672,45.09977382390876,67.49581152944431,70.05324203860675,1
female,completed,8.54160127127102,5.6441385378028155,62.36171281351495,74.47512556286568,74.82111368211702,70.55265068616588,1
male,completed,3.746065884424465,5.89670508611535,66.84807210176729,62.9414823658926,60.25355534168642,63.3477032697821,1
male,none,8.624897115993857,8.854139762815656,73.27228064060701,68.85868257657695,65.05300124857854,69.0613214885875,1
male,completed,6.415503870910951,8.636965180891403,65.65403669558681,74.86747076953671,64.91210853679489,68.47787200063948,1
male,completed,3.8750664482114647,7.913707181360765,90.4257656064613,63.178800102410264,56.80132480189641,70.13529683692266,1
male,none,6.264815478111042,5.361530852991132,55.66025957398322,60.54008689173743,65.34838755326327,60.51624467299464,1
female,none,6.9451088992534595,6.525387325457797,67.91911182855864,70.47813384483234,44.7707255170438,61.0559903968116,1
female,none,6.243619924434393,8.819646549968775,53.86294121452927,54.77855685592076,60.63269379286843,56.42473062110616,1
female,none,1.8595505602190872,7.212575370459857,45.19966233168941,54.798448195607406,63.726867599454934,54.57499270891725,1
male,completed,3.545725648350263,10.0,55.82346363642072,79.51122596139105,64.1573037125693,66.49733110346035,1
male,completed,4.504962728896991,7.589976759091558,64.44444804427383,53.91688350777881,64.37753831193832,60.912956621330316,1
male,none,4.851133141799908,7.288073674735047,58.5604666322411,79.32837501272897,67.07353700209806,68.32079288235605,1
female,none,6.241344195101356,6.536325303696248,54.61368530189216,76.47627809995532,75.19162277129095,68.76052872437948,1
male,none,5.355402001866508,7.200311357173423,43.90523804492249,45.83870579693165,81.11775611198783,56.95389998461399,1
male,none,2.3293112825797975,6.771295245429184,63.75341641056958,60.51409486730083,58.25352159727599,60.84034429171546,1
female,completed,5.760395702011927,8.062163015032885,42.42919438953497,86.71753164266322,49.951987169162834,59.69957106712034,1
male,none,6.221171490567646,8.435053475191875,76.40083945534404,56.26368256404446,52.36933381635345,61.677951945247315,1
female,completed,6.11958089586208,5.821015809238076,66.23659629401755,63.49834032766857,60.69195618207609,63.47563093458741,1
female,none,7.161561451109243,5.003150569663333,43.13672750802604,76.46885250552656,62.72118023275236,60.77558674876832,1
female,completed,6.667844309097808,4.245691940345055,60.36186384425205,80.96746712995633,56.45005900703814,65.92646332708217,1
male,completed,5.918360158456873,7.761986990368816,53.71765391614125,66.47845559537706,48.55825003625158,56.251453182589955,1
male,completed,4.859668577082706,5.344950090739189,69.78761765628771,61.634857274317014,61.15818758788718,64.19355417283063,1
male,none,1.6780781329680172,4.0,85.10675669034717,89.9131780637791,70.72139930170957,81.91377801861195,1
male,none,5.859236438265172,7.582867906796446,36.872412955313834,94.34459529316611,76.92544198753347,69.38081674533781,1
male,none,5.4153753743262225,10.0,66.72539118721126,83.70401271094514,59.63865420337518,70.02268603384387,1
male,none,5.543157674390747,6.99089363269016,62.59800806650039,71.19445399591034,61.80503266784849,65.1991649100864,1
male,completed,2.446502848359381,8.257736161677464,75.07010114675698,58.68427989702703,54.09952536729034,62.61796880369145,1
female,completed,2.8378869191834752,7.122744037821348,68.19794942356533,58.37377830820809,67.52841244437835,64.70004672538393,1
male,none,7.1063057066658075,6.851665520213286,53.72046002391771,77.3151974737206,55.27357048713778,62.10307599492537,1
female,completed,4.92088969228669,8.378614724481652,60.214190965000725,75.85757509244158,76.596917198618,70.88956108535344,1
male,none,6.363001394745249,6.564588183717023,53.05961214794766,89.62238030125002,41.21200262098833,61.29799835672867,1
male,completed,5.056636752260922,7.401088471107855,81.14010707897897,79.10630129550594,62.60555491321306,74.283987762566,1
male,none,5.05951227899149,7.48254670929402,65.31967473007913,48.95687577536255,72.51661008787613,62.26438686443927,1
female,completed,6.876567611951995,5.997864319535427,93.5178602862951,84.72726664812086,70.75751774483757,83.00088155975118,1
female,none,3.967910543565252,8.488063524304785,64.0900877927807,56.02715121759822,100.0,73.37241300345964,1
female,none,5.192241553881967,6.737560364956887,54.37389849634306,64.62440219266708,73.24700036851861,64.08176701917625,1
female,none,4.075449422589915,5.866382260760733,42.294284110807595,73.50280288752373,52.93918104736984,56.245422681900386,1
male,completed,4.131007545135369,7.804764765355605,37.95290485616083,97.93934485697551,66.56803629366391,67.48676200226674,1
female,none,4.381655753062721,5.652298027313444,41.23796085491765,100.0,41.356304998003225,60.86475528430696,1
male,none,5.444267543267426,7.042271736053692,69.00689976517225,78.49412282790655,66.79100376054859,71.43067545120913,1
male,none,4.042502756673045,6.986321505033695,72.63087534844901,67.43524733791457,55.50415914498862,65.19009394378408,1
female,none,7.511512251147042,8.628843348747367,41.282139469518,77.4830790787277,81.73085413340243,66.83202422721604,1
female,none,3.2107853955609924,7.7120473493199295,78.42557471114173,82.4271759622337,59.756895881066974,73.53654885148082,1
female,none,4.626256711677282,6.962459561882284,57.75408422474841,65.51065324219931,66.2485112630713,63.17108291000634,1
female,none,4.12053788345165,8.22664944880043,67.20189517978324,95.13295898277251,58.46663237893395,73.6004955138299,1
female,none,7.893955768707466,9.08531132352597,89.18330942383136,73.22099062867963,94.08277027779997,85.49569011010367,1
female,none,5.393109553023149,7.8367154595277935,78.45258973798298,76.96840324727953,63.18135850823133,72.86745049783127,1
female,completed,7.063689078937269,7.015528929765071,60.97204028141252,79.32293952876246,95.48835565218803,78.594445154121,1
female,completed,2.028879253926056,5.032245651474761,51.63211661877069,75.90221254860238,80.212276431774,69.24886853304902,1
male,none,5.534100531738518,5.402329505386941,32.72276898006042,81.74516700657458,75.23100091003079,63.232978965555255,1
female,none,6.779261591246874,6.542162943467998,54.212700211363696,61.358455388343074,73.5309972097628,63.034050936489855,1
female,none,5.164567978550848,6.0857316967610755,61.83304641758458,62.183775444755575,73.90695947324377,65.97459377852798,1
male,none,7.130960750130702,6.7195430455218315,50.19230709273224,54.59784073839627,39.08491130981585,47.95835304698145,0
female,completed,3.9654230997992554,7.084974887345661,63.031145493615426,76.15301722868317,63.81674908773865,67.66697060334575,1
male,completed,7.81869488037116,7.794539131535096,66.15277824438152,80.90511104916959,80.67736956776483,75.91175295377198,1
male,none,9.5977962472385,6.894251832911364,61.627160272878825,76.4088201261264,67.26654224788842,68.43417421563122,1
female,completed,4.274322879120682,7.729752465739303,55.249961287648105,93.44289406686552,46.922152297946376,65.20500255082,1
male,none,4.1089949571984565,7.096711622215181,67.52982007950092,69.92165573639335,67.21393324133795,68.22180301907741,1
male,completed,7.906768954235401,4.036800150469193,71.62910974354114,79.36238317829518,93.56158274383236,81.51769188855623,1
male,none,8.159144291461425,5.590996909271869,48.64401383835731,54.7161877340496,86.70337573302079,63.3545257684759,1
male,none,3.9542799456934636,6.783868666417577,86.16398569619405,64.58060416535838,67.06993985950952,72.60484324035399,1
female,none,4.159626365808285,5.185457885738339,63.521178015736076,79.73752860592089,82.2717391558713,75.17681525917608,1
male,none,4.436430782278985,7.899893094994306,65.28274434417271,81.88742955040402,62.50239469447922,69.89085619635199,1
female,completed,2.311098977931446,9.296126248515545,75.62321634884836,65.88446273270145,42.441926197599216,61.31653509304967,1
male,none,3.1626961070316035,8.828142777545974,68.49824196895253,68.99761047398707,54.133010178056686,63.87628754033209,1
male,none,2.9917184664958643,6.679835693604688,79.29704950869868,48.74976754646867,91.44333152762297,73.1633828609301,1
male,completed,3.464404869791743,9.236089205274927,69.30686247802737,65.00159118870747,63.89010377256044,66.06618581309841,1
male,none,4.930630225226437,7.2230011858031675,55.81343938039343,82.465364289277,64.34924030937474,67.54268132634839,1
female,none,5.468429465073042,6.494371043322941,70.42255287809152,78.05287022549193,63.502427055876794,70.65928338648676,1
female,none,8.101000985628154,6.079896004688591,47.844106890190076,77.00932009933693,96.56204884359511,73.80515861104071,1
male,none,3.003291918522418,6.546295470267808,66.62839558664784,70.69683162053344,92.38938373043095,76.57153697920408,1
male,none,6.968644796953168,6.417734772188156,64.5015501403331,70.09888422079447,100.0,78.20014478704252,1
female,none,4.572022311548982,7.255624333563231,61.8782471409119,60.755504047371744,65.61432184399924,62.74935767742763,1
male,none,4.901072580695134,7.240860971574797,63.07193732841604,79.7835978828355,72.43436733120643,71.763300847486,1
male,none,6.3496389843332075,7.004569030230122,36.77226431753542,75.89362122145145,45.25036175868813,52.638749099225,1
male,completed,2.7545559568754028,7.655407254619525,56.76912638388558,76.88826387189918,90.15401639177412,74.60380221585297,1
female,completed,5.764819492368101,8.785969412179512,66.39267351711672,62.63551220265387,50.48330673098097,59.83716415025052,1
female,completed,5.332904416426112,8.424331203161985,67.39784587996101,39.853199121802575,71.25163345643944,59.50089281940101,1
female,none,5.984902528016298,4.772653047325145,49.58487288611063,85.36013796455174,51.54046208550734,62.16182431205656,1
male,none,5.5783372878156365,4.0,83.98561761297051,63.296275615882344,59.16699759891956,68.8162969425908,1
male,completed,9.91060027982179,8.40147986685891,52.007377276782485,57.92113930339631,55.441063534254496,55.12319337147776,1
female,none,3.7245200314973683,4.949681952376869,79.54185800790106,79.7087047667959,58.881871089862734,72.71081128818656,1
female,completed,3.9380060899963647,6.662851897160975,71.40791542807527,64.51182304113219,59.91315945276532,65.27763264065759,1
female,none,3.753718947150471,5.244830460910961,55.30659035234295,84.8391093766527,59.775968076123846,66.64055593503984,1
female,none,3.8890457616794905,4.297029343629971,91.62966338914268,78.63808329407377,80.50000867670461,83.58925178664036,1
male,none,3.7252257453869646,7.812194092307182,47.095447523652794,79.56997052480669,51.4270581040622,59.36415871750722,1
female,none,7.378033062215104,8.138732740453971,78.78731260415002,50.87662004319252,71.308121405208,66.9906846841835,1
male,none,7.841008495979709,6.135234398909921,80.00873477064468,86.9672157954096,86.26938728458337,84.41511261687923,1
female,completed,3.8585074125010475,4.0,54.94069686385033,73.65750743727398,60.30205453229906,62.96675294447445,1
male,completed,3.3352888537915426,6.180633327621276,85.88697950096493,64.83012005055316,57.23121663878597,69.31610539676802,1
female,none,5.942831112772808,7.58770600810382,61.24930228101571,72.00743854279152,64.54213062229624,65.93295714870116,1
female,none,3.8955539114380575,4.781632646838807,69.33040443919785,45.13270673942352,85.69587812541064,66.71966310134401,1
female,none,6.265863635511021,7.275039879668734,68.90482758156831,75.7211393607294,70.91161446430037,71.84586046886602,1
female,none,5.405846041702599,6.977035226240507,62.98536887794178,55.588798885451,60.03178558088602,59.53531778142627,1
male,none,1.9685117700055361,7.8689372494016325,77.16212409739673,51.062615998190516,75.2581497678206,67.82762995446927,1
female,none,8.095010402660122,7.17937055262123,76.9023308082832,48.68697139294952,51.46561775245365,59.01830665122879,1
male,none,8.591755346191043,5.540396588677667,38.772020401427284,85.57763724985895,78.22039265664422,67.52335010264348,1
male,none,3.7744226190312276,8.794857252496737,84.56510364317229,61.19031248830096,74.12910961552652,73.2948419156666,1
male,completed,4.224596880128032,6.762205640459545,40.062620179464886,91.47218793883098,63.38287293291674,64.97256035040421,1
male,none,5.57173078144981,6.959043190735102,80.48819306512486,62.498779517267835,55.421213023291536,66.13606186856141,1
female,completed,5.66891357997405,5.600098061390206,81.90057705241375,46.09698859369875,54.69978616574814,60.899117270620216,1
male,none,6.317088545345661,6.335076623212735,48.63550354677203,54.36865784071877,76.02226004518866,59.67547381089315,1
male,none,9.0204090775327,5.672795928959649,58.83778568068123,87.30136268009714,86.43470753733592,77.52461863270476,1
male,completed,4.646105545011901,6.740580910114866,48.41442997271096,67.81742550888666,58.44038379456808,58.2240797587219,1
female,none,3.4034055109230925,9.567562720213516,61.77618454566897,62.32397784913159,74.87580055327226,66.32532098269094,1
female,none,2.2413615439709456,4.942148285602966,60.379485737213884,72.24025516193903,36.694594720968965,56.43811187337396,1
female,completed,3.538139920116162,4.579657903184888,76.6949079840401,77.02495830634562,59.23073404014201,70.98353344350924,1
female,completed,4.933746054252405,9.206755491240413,84.65463119179412,85.64358342263445,67.53411600693647,79.27744354045501,1
male,none,8.589115727035576,6.686014484272201,85.93525716184934,90.27898921850097,54.354748745272495,76.85633170854094,1
male,none,3.964777401927657,5.996390892010125,56.567479601325466,64.9632389589528,53.95240437815606,58.49437431281145,1
female,none,5.447575903277797,8.559857031094115,61.86167189383208,51.435332394851464,57.983306652966704,57.09343698055009,1
male,none,4.967154207854496,6.091576690394704,39.74842711668575,64.21148774427414,72.38289092489559,58.78093526195183,1
male,none,7.376786546896168,9.739014570320403,52.911949002557165,73.64392709216041,65.19006472390438,63.91531360620732,1
male,none,10.053864851747242,8.016888807008904,79.47277449646187,56.507375033051446,34.42653150012542,56.80222700987957,1
female,none,3.938262454159359,6.268132887781446,89.23374235322348,56.5998871914694,36.18949771047401,60.674375751722295,1
female,none,4.021121114963556,10.0,46.48476692180117,74.8130303416984,58.89702233214237,60.06493986521398,1
male,none,7.0883217541381445,6.091427615494992,56.11303611270659,69.31886707801368,74.86529879080328,66.76573399384118,1
female,completed,6.363782979252623,8.11314305801396,64.60391364561609,70.4591579357622,26.78742735912148,53.95016631349993,1
female,completed,8.693414651472068,7.448938870609738,69.2024173822941,59.38106531419903,60.50404735772554,63.029176684739554,1
female,none,6.167856370651927,8.952611934098197,52.85594720117531,66.77439000111926,60.106282152238684,59.91220645151108,1
female,none,4.281415818425881,9.342266795090278,71.36091566696135,57.060735980243734,88.82506667312671,72.41557277344393,1
female,none,6.181309661384619,7.04800622359865,57.89240979393626,82.46277775574701,62.22467282430705,67.52662012466344,1
male,completed,7.2174071611658155,5.869873194480725,64.78321593682581,84.49349068613253,73.74483477111393,74.34051379802408,1
female,completed,6.640964362394728,7.689958214408675,73.19426372005549,44.153369928666685,70.11885710131195,62.48883025001137,1
male,completed,6.014548062214596,5.983426945371841,65.09633404716406,56.98684795730626,36.04150280289199,52.708228269120774,1
male,completed,7.133349379178307,10.0,58.45421164210147,49.04859042873889,79.52310824947605,62.341970106772145,1
female,none,7.3385911808913455,7.204802996624106,63.35585294111254,60.89966491830343,71.23094758184432,65.16215514708676,1
male,completed,7.764317982075054,6.452017673031837,63.67455561191997,68.83186842293495,75.62402959511884,69.37681787665792,1
male,none,6.297419775179286,7.277020458797363,59.449834551768085,49.70496692422058,100.0,69.7182671586629,1
male,none,4.665763839366291,4.979310565705456,61.11805905999346,57.09396261624562,36.73830590752117,51.650109194586754,1
female,completed,5.293427372866645,5.542578942234023,88.97970755757075,55.94459679085902,93.87044974641663,79.5982513649488,1
female,none,7.413017933016714,8.800620861916638,73.41379171911858,72.90174261158522,63.688287208994666,70.00127384656615,1
male,none,3.366128658025528,6.014658581542906,60.56779522956259,70.97082071850751,72.30993356604515,67.94951650470509,1
female,completed,5.737346617745803,5.42963352597709,75.45431606766104,59.89567425327846,67.31731632048137,67.55576888047362,1
female,none,4.213322375345278,7.804979128790929,59.99270765365985,72.47549220995157,61.63645499902935,64.70155162088025,1
female,none,5.057489645869635,8.778556231994495,82.59686956379961,62.34647881577828,59.452506076418615,68.13195148533218,1
female,none,7.556903725214598,8.0784299659976,70.54463288297141,66.19682845543525,72.94263103359513,69.89469745733395,1
male,completed,5.382198136039807,8.494071528708725,63.39046783993657,93.42832926417952,45.24239454992481,67.35373055134697,1
male,none,5.092873096312298,5.864807367145809,71.71575388715416,88.76645472506488,79.25868751282648,79.91363204168185,1
female,none,2.2802877180401615,4.867283999887235,41.43685771897251,51.80586268301363,61.757083926721194,51.66660144290245,1
female,completed,6.492507132054442,9.25200047793323,48.09848796635292,81.61625385030844,51.04895991439463,60.25456724368533,1
male,none,6.29096836228215,6.515980241736797,47.091124904014166,81.35955176288229,61.24980713006279,63.23349459898642,1
male,none,9.32650944661092,6.623750475317429,67.1441464214556,53.92431395746334,86.8572382529386,69.30856621061918,1
female,none,4.384443530093998,8.992291212773587,90.98772499227638,81.46288701256805,59.96997369475665,77.47352856653369,1
male,completed,5.438300655327878,7.83434501410099,98.46950219288948,91.53104685777573,73.3768042731443,87.79245110793651,1
female,none,5.498767367421511,7.683831658122411,74.57076652161136,54.284372712578204,57.0356558642679,61.96359836615249,1
female,completed,8.15490655952695,10.0,72.51266712416685,57.15496050580031,79.3688277488543,69.67881845960716,1
male,completed,4.809408935226096,6.034722654429785,37.984133987708915,84.24726053580903,78.28261608185306,66.83800353512368,1
male,completed,5.558043051540679,8.391760192121856,56.859893003989676,73.80093435155908,95.72913249944617,75.46331995166497,1
female,completed,6.215793019433079,7.085519687345627,53.183243721376414,77.72066785335332,65.36654081751176,65.42348413074717,1
female,completed,5.3732182463127165,7.402888418294886,55.68728602623326,74.76824902960695,78.0298220713686,69.49511904240295,1
male,completed,4.107132770898944,9.292702639618797,62.47784272122816,75.46974289299402,69.47101309308417,69.13953290243545,1
female,none,5.388179985796615,7.761753634434435,57.91864133454309,51.42939020364484,87.43807672794522,65.59536942204439,1
male,completed,7.1472634997195446,7.807444118574449,35.310502844363185,84.66244789270027,57.21751418586904,59.06348830764417,1
female,completed,2.9469694011778795,8.608761005964704,76.218653841763,86.37425989398884,79.17507969315922,80.58933114297035,1
male,none,5.265939348293752,6.452570905685672,48.9088546139029,66.7885295830476,65.07954055824978,60.2589749184001,1
male,none,3.599758370121654,5.7411854989914906,68.58870296166724,69.39132270260592,67.03717734337253,68.33906766921524,1
male,none,7.390093257849685,5.43278620896845,96.1112400462496,48.56449496421989,69.3762872667256,71.35067409239836,1
female,completed,1.9536261904324506,4.050465115935998,51.20923112620365,77.1995665842497,71.78360594640016,66.73080121895117,1
female,completed,3.8821563054568236,10.0,27.045687158805052,78.00880418399802,66.25656435317063,57.10368523199124,1
male,completed,5.754423750129042,5.345187451417475,60.70993667179834,69.12932576200964,71.22069774755789,67.01998672712196,1
female,completed,8.13104805846868,6.6681195646213425,81.51439452497857,85.74094703818704,91.67177086343277,86.3090374755328,1
male,completed,4.868499477854025,6.584780050166619,94.37521181330891,65.32291876628084,82.78174528422828,80.82662528793935,1
male,completed,3.8896009466136032,7.461110046713651,46.55675608321375,77.9044829625104,81.03731888745345,68.4995193110592,1
female,completed,8.76231413888118,8.223605818808945,72.45048834854782,55.72469925831038,61.16690710964194,63.11403157216671,1
female,completed,2.103972199167512,8.290710232539618,58.0203431482992,69.67026988776067,54.66138757657514,60.78400020421166,1
male,none,0.6023880867598361,6.125383842146592,63.410774685437964,67.55904038936029,82.3295083735663,71.09977448278818,1
female,completed,5.880028900106665,6.749317429320382,100.0,73.15431090857318,81.14070188794692,84.7650042655067,1
female,completed,3.9958915512947777,7.42386992573245,42.4554450740727,64.82662299633299,90.09006013626473,65.79070940222347,1
male,none,2.9575343657385735,6.62696331072468,68.8060949224186,68.15938366059665,58.94029061046156,65.30192306449226,1
male,none,6.416712894598707,9.411018364029989,72.01539757648149,81.56466040018108,64.5567701695948,72.71227604875246,1
female,completed,5.487601427542398,7.7364624274573774,81.2867948740902,63.885300678664954,43.407737562118484,62.85994437162455,1
male,none,3.871842738526543,8.102316679074725,66.46974730206342,47.50792058965849,62.11293340908691,58.69686710026961,1
male,none,2.439391202658211,7.994321903001119,69.62075809256153,94.49417465887589,82.94855765869171,82.35449680337638,1
female,completed,6.744914656560289,8.760210786227987,59.125271488673135,89.34035710166681,61.002569311577034,69.82273263397234,1
male,none,6.300402355917322,7.27153233805556,69.0369041186766,51.90832226852134,77.60719692801236,66.18414110507011,1
male,none,4.801648272441234,5.05475207806623,59.85211586753884,79.65590927343273,65.14245341003283,68.21682618366813,1
female,completed,8.693273992095332,7.599531927628963,74.32357834784077,62.958353212281196,72.86085542332341,70.04759566114846,1
female,completed,2.859830467347695,6.022964659312256,59.45584495934549,73.68882101463484,50.78462915276499,61.30976504224844,1
male,none,1.9489496581505223,6.207074977375365,70.6565059085328,74.11913780618892,69.27814174450852,71.3512618197434,1
male,none,3.616183860237511,7.87954602813264,64.56105779472533,66.71829079557149,23.13296043648915,51.47076967559533,1
female,completed,4.908827967289004,8.857424607150453,81.89075376158252,59.02728068179045,65.19655762757023,68.70486402364773,1
female,completed,5.486678898645383,7.031907365104092,64.22909414617271,60.33242526757237,43.5429013442729,56.03480691933933,1
female,completed,4.5175278842873405,7.463249518898445,38.40451297689678,57.17331318326261,86.08991774820224,60.55591463612054,1
female,none,5.704110793028594,9.553322416952856,83.92882251070988,58.354489084773775,79.66111029146766,73.98147396231711,1
male,none,2.496921151619112,7.361129769232853,51.414015487060716,69.05950393930902,75.00006472949121,65.15786138528698,1
female,completed,7.887529208146519,10.0,55.1935049202677,59.97936015244947,90.8150934073907,68.66265282670263,1
female,none,4.835697643214862,7.848264468447316,56.065080589347616,79.54872891997668,53.766252187627444,63.12668723231726,1
male,none,7.234591663176255,4.358855861266274,85.61657139756227,90.82144617470298,94.21044796873338,90.21615518033288,1
female,completed,5.685450692755408,8.130012431656798,32.96488679031957,61.879254620819395,81.98287346390578,58.94233829168158,1
male,completed,5.913506438307568,7.571737577324167,100.0,73.35166300749528,64.4516706917158,79.26777789973703,1
female,none,6.139534560464408,8.934629131124119,80.84085213599077,76.99559154424108,85.03430220774416,80.956915295992,1
female,none,5.8954171200346295,8.009772026904937,68.3485837119374,76.60803179286984,51.40559731382549,65.45407093954425,1
female,none,6.285445519735088,6.792316024024339,64.1765899907557,71.06337375082522,55.632287577084895,63.62408377288861,1
male,none,7.658305060264863,5.163552645565952,69.28331112286486,80.39755385703612,58.8711541514045,69.51733971043517,1
male,completed,5.39304233940294,6.686465114070963,72.81683642569007,76.7514853375292,60.06533437903977,69.87788538075301,1
female,none,6.418007515177025,5.72421931868605,74.67823378925085,52.67272608741783,52.15163535859621,59.83419841175496,1
male,none,4.820528611425546,6.129214825292916,73.33406699005172,82.16818490144982,86.34624600642988,80.61616596597715,1
male,completed,7.880234430898946,7.8828676066309145,66.34371021882873,82.42207172173438,64.11718399445253,70.96098864500522,1
male,completed,3.6472153958814606,9.50485675652711,62.03992369539011,59.31399454149986,73.2875745253532,64.88049758741438,1
male,completed,8.60188086582163,7.592007294734472,62.730900745197324,70.53112969626643,59.44472950379479,64.23558664841953,1
male,completed,4.919684098711313,5.2061754069472235,62.07637579470978,79.56660589935497,40.69095049177224,60.777977395279,1
male,completed,2.1384497957639037,7.666904002330211,82.00655145300597,67.06960652588894,72.05086037587134,73.70900611825542,1
female,completed,5.2562088298215786,8.794947229968477,73.90335083421293,85.02169266872417,39.31617536870335,66.08040629054682,1
female,completed,3.6378966850502383,6.085325643520926,20.894170480035797,100.0,66.97048930871797,62.62155326291793,1
male,completed,6.681287097977448,6.798974249990623,74.83851164794642,58.99619554311025,47.47527441750785,60.43666053618818,1
female,none,3.694752041395218,7.022032292093796,67.92104292078162,50.66537555584715,97.80913998846212,72.13185282169697,1
female,none,4.107633133570441,5.82265253037664,64.71936865331153,74.25346033846826,81.67044083262083,73.54775660813355,1
female,none,1.220918538108938,7.972420650765788,59.17222320366671,80.10187507176602,69.5863068690722,69.62013504816831,1
female,none,4.095387361501847,6.818577777088327,81.86169079979021,66.76787076617323,86.95560016482003,78.5283872435945,1
male,none,0.5,7.629298665860541,79.21289693184286,90.34564928649448,55.305260338013966,74.95460218545044,1
female,completed,1.8321943530285534,5.66876173329685,53.40683498264586,51.25951880387451,76.15219068005139,60.272848155523924,1
female,none,6.520829312288595,6.343812549514884,71.10578430686803,79.70086072244256,70.99715650578071,73.9346005116971,1
male,none,6.571600317301664,8.083572036741657,50.42514898188071,61.51794850937549,71.96030122000505,61.30113290375375,1
male,none,5.85091512356993,6.440750271862349,44.305727528166045,94.07129068690216,87.08530250160152,75.15410690555657,1
female,none,3.066047713741574,9.590445776850107,55.59924163115052,97.89521494435365,78.98738154169703,77.49394603906707,1
female,completed,4.90457728771604,6.400545721578096,77.93590208574138,59.26680777103313,72.33085494237535,69.84452159971663,1
female,completed,4.992794921818863,7.337027088627829,79.2968756806413,62.30620009727988,43.17668845657556,61.59325474483225,1
female,completed,2.6832706216149145,8.398886247809635,72.6962813014594,82.03423041771723,53.59930557080804,69.44327242999488,1
female,none,8.006796603534301,4.872451400600452,75.87643680271995,64.58017090294679,66.15936599606414,68.8719912339103,1
female,none,6.7547245811513426,4.358786782028837,72.74267430672438,69.36424294894867,69.40058561414976,70.5025009566076,1
male,completed,4.558071652340672,4.711515528144858,55.37777607165572,70.35543788759374,51.046944129891145,58.926719363046864,1
female,none,5.053771677989062,8.893876155140774,71.47883817010911,43.12457581323281,100.0,71.53447132778064,1
female,none,5.416765615895105,6.172212781161329,77.00614287841523,69.80627155468068,90.74591082880359,79.18610842063316,1
male,completed,0.9165302631514187,10.0,76.31436994720362,60.34381116310156,77.03177480588725,71.22998530539748,1
male,completed,4.5056452349588065,6.153628602013917,82.83370057211964,63.09628048640319,69.08055291925618,71.670177992593,1
male,completed,3.6360315040044027,7.276826954795555,75.62455770801596,90.2108480485634,64.81686545148273,76.88409040268736,1
male,completed,2.996759980210169,9.313164928851814,70.27172311312374,52.408903480090416,53.72122309966647,58.80061656429354,1
female,completed,4.43779941422809,10.0,81.05225357474642,81.38487261447167,69.16220777778294,77.19977798900034,1
female,completed,8.595373053699046,10.0,64.6021811112641,66.09451897535467,71.86628810214125,67.52099606292,1
female,completed,6.28168572253402,8.812549345889714,51.771880231584234,66.08335764105831,49.37359136777563,55.74294308013939,1
female,completed,3.8576420204344064,8.536093788717194,62.553995540843545,81.06520654472396,73.01264625867346,72.21061611474698,1
female,none,6.145165562712317,7.888790423801774,53.82646032790326,74.76071812396447,65.67111426762877,64.75276423983216,1
female,completed,7.798710873172004,8.167541614249956,54.87232587538428,77.98858196107344,39.382886631839135,57.414598156098954,1
male,none,6.849267365825538,6.1732214255072,62.83221993926723,83.55458524746005,55.09422483830747,67.16034334167826,1
female,none,5.119260739840349,5.772701674866539,53.11370118500058,65.36168263543348,61.79591699867534,60.0904336063698,1
male,none,3.706126444588852,6.994938313883572,60.38057705541439,61.42868571689149,96.31531486010286,72.70819254413625,1
male,completed,6.39644662722718,6.744723066212607,36.59577999569321,54.80789262819083,76.34829686800637,55.91732316396347,1
female,completed,5.786970770843499,6.320157926009087,68.19940561059408,58.44425258029463,47.96777646350163,58.203811551463446,1
male,none,6.790386440055465,8.044581171185072,65.01808213043337,100.0,75.29054434126455,80.10287549056596,1
female,none,6.270343603363939,8.432957812855767,52.74367053397714,87.42551413031501,44.79044016592452,61.653208276738894,1
male,none,7.09910543063867,7.132610329437771,74.88868502648607,51.0849588730877,84.2403658083061,70.0713365692933,1
female,completed,3.9295295768788643,9.216295121582892,79.06355206439838,51.48558860559002,60.93313022273182,63.827423630906736,1
male,completed,7.634788131268651,5.287466328799742,40.88660203446538,76.74612486405888,66.59545716891243,61.409394689145564,1
female,none,5.395199209384799,6.709510811080423,53.55912832150679,77.66170716329154,87.88694971313285,73.0359283993104,1
female,none,9.150521745250531,5.924766519095792,53.46286475319053,77.6843736944431,48.692546471236255,59.94659497295663,1
female,none,3.6216243638208643,4.20019507439041,50.90145348336703,66.43061889024823,47.04322722330513,54.7917665323068,1
female,none,8.4719276063305,6.875978971235951,77.44212262897622,68.2436403599594,59.246010104809926,68.3105910312485,1
female,completed,5.395821566925296,6.8173787374250745,62.09260791840795,74.590313338231,83.57568276528974,73.41953467397623,1
male,none,3.6971639927711033,9.270174614863198,61.03227738034084,71.20250208810663,45.209808867847364,59.148196112098276,1
male,completed,4.032228331891357,7.946217526832166,34.9420645338987,38.92979478153451,25.517666028341466,33.12984178125823,0
male,completed,4.3593053836113596,5.463719763506193,74.53127045313839,66.78280517194729,61.23261712386502,67.51556424965024,1
female,none,5.848331892803833,9.781138849501282,46.41112407719791,58.08030992035561,76.27611199866381,60.25584866540578,1
male,none,6.0456709760709995,8.83155054328803,65.89898945399493,72.45295986471916,86.00392624608244,74.78529185493218,1
female,completed,3.852599992122842,7.873146555202924,69.16065406937288,100.0,61.05257956871902,76.73774454603063,1
female,completed,4.951290815478035,6.660273851725252,85.40987893757976,75.14474331664026,61.82860089325996,74.12774104916,1
male,none,9.284540717223727,5.5608411449147805,45.367694013213324,65.61058439358644,85.30851101383621,65.42892980687866,1
male,completed,8.455086340201422,6.4416898358934205,19.707317662687622,82.90522102768153,39.95387450456869,47.52213773164595,0
female,none,5.872647339348064,8.63312292955628,67.75774317130542,76.75763042092898,62.17218837225486,68.89585398816308,1
male,completed,5.076006956336401,9.826879458901914,92.0076677226628,75.88132286632577,70.85635834887587,79.58178297928815,1
female,none,5.240062653436523,9.314865292408284,83.58419529409156,78.4959083050194,74.73828081927552,78.93946147279549,1
female,none,6.227035945460833,6.266725867320589,68.14489122911938,98.79160990761358,60.35289960213676,75.76313357962323,1
female,completed,2.954414869603189,5.320573850066483,57.62545721551929,54.16756190543718,68.51661517558762,60.10321143218136,1
female,completed,4.48524692515331,7.211329370366806,77.10683894955966,76.63084907536036,30.67508969880516,61.470925907908395,1
female,completed,1.662831852244821,4.347340951655722,50.39680700443297,57.03066418025846,58.126273814992274,55.184581666561236,1
male,completed,5.798446245210559,7.484751571277172,72.14536654034329,77.77717704879147,74.80263068831701,74.90839142581726,1
male,none,6.294391879405482,6.778596120551997,72.5820523874994,57.138388839194675,53.265589486179806,60.995343570957964,1
female,completed,4.033627075401252,6.300945247197637,80.90314861248319,64.15686460952882,68.88476332384396,71.31492551528532,1
female,none,8.147973526580065,4.6079453990998065,100.0,65.8687412006693,74.70308751204047,80.19060957090326,1
male,completed,2.5484686739953175,7.770400159854574,70.88623950768151,83.66143407082592,62.86176198713353,72.46981185521365,1
male,none,2.0712502395803596,6.200948740507133,57.36554561438752,82.8583622151938,70.55695656494856,70.26028813150997,1
female,none,5.448903637119944,5.245124746434568,64.61638531712008,52.55995672975062,53.55901152073082,56.91178452253384,1
male,none,7.094196605224309,4.0,38.46386142666323,70.76907755399789,64.9008308045593,58.0445899284068,1
female,none,8.367855382915737,6.958727642424045,54.579303033664125,60.065882033511585,77.15324254383833,63.93280920367135,1
male,none,4.0822314742621195,9.658377395004617,58.86076342830344,52.380931250545316,70.35459441452652,60.532096364458425,1
female,completed,7.157361666862592,9.491888821821805,57.138674030981115,66.96176129405882,59.202030956540966,61.1008220938603,1
male,none,4.922983060998585,6.314355615120592,67.28532308050583,65.68124096161853,71.36324606436189,68.10993670216209,1
female,none,4.654745400118361,6.096681909457329,52.66370101426699,100.0,78.71914685954927,77.12761595793876,1
male,none,6.767319874973345,7.703161384112535,81.81546000986707,76.06143755504975,37.25088082133783,65.04259279541822,1
male,completed,6.304645756826839,5.502421841217563,65.00310597377296,50.713354989440674,85.38611097433846,67.0341906458507,1
female,none,1.8472156860315012,7.452687849729199,64.86049518292079,62.09316394160681,62.95617891978392,63.30327934810384,1
male,none,7.9530806994517915,8.149120417577036,60.081579252306234,84.29936613601157,74.38234899860345,72.92109812897375,1
female,completed,7.760182708294903,8.840399835826462,67.32786025788468,99.23819882017895,85.95870385467842,84.17492097758068,1
male,completed,3.748874596980941,6.849768885280071,77.37647397001452,47.79623362866859,47.42489454154301,57.532534046742036,1
female,none,5.791607066874818,6.694489374734551,51.9930467643365,43.68105860805337,57.3583849635868,51.01083011199222,1
male,none,5.988060372565478,5.683026119865159,55.12825266387115,96.19351245520495,63.67176956186443,71.66451156031351,1
female,none,5.521347531647814,5.7596794689402095,60.44410956835003,75.45459848319265,56.24369718313358,64.04746841155875,1
male,completed,3.8993896923091595,6.66028166214771,44.811936147901775,57.84390175373087,94.02404863755213,65.55996217972826,1
female,none,3.656753264123897,7.551048260224267,52.71113210417754,77.48480720571409,55.148418592598105,61.78145263416324,1
male,completed,4.9488918580171095,8.370376939349875,57.85668689683011,33.09953165376371,59.666798307697,50.207672286096944,1
female,completed,7.345458038518729,5.795231573979483,78.11583771069091,70.04725709236025,71.06583547404465,73.07631009236526,1
female,completed,6.087200309188865,9.239032853439284,68.93841993502888,74.5894964198032,49.96775710885866,64.49855782123025,1
female,none,4.258771335827788,6.593314598436147,67.90384867051317,82.93978195352962,62.06478932365604,70.9694733158996,1
male,none,6.54339742129669,6.967949058477346,77.76346943251959,55.80545666790447,72.76179891875263,68.77690833972555,1
female,none,0.5,5.879182481278265,62.93942317400905,71.19962025964702,63.00709393426233,65.71537912263948,1
male,completed,7.297531400744207,4.0,70.85697274893334,57.04405523516578,66.59919711650078,64.83340836686664,1
female,none,1.5205724424438007,8.326068094541574,63.451673706012556,73.57537257944044,60.06001831327444,65.69568819957581,1
male,completed,4.275118117193736,8.10526584563865,68.98043524099442,57.46515148691766,45.282945362288494,57.24284403006686,1
female,none,2.7606602107477123,6.57800866432268,56.25862013582627,64.28658825175691,72.82389817008858,64.45636885255726,1
male,none,2.4106370485581885,7.100486075837308,28.417742625853563,56.05858447293679,94.32399607470862,59.60010772449966,1
male,completed,7.321653574757039,7.773908826556149,62.985812567205436,79.1159073855312,68.27602446175158,70.1259148048294,1
female,none,4.064597597376217,4.656181214670186,86.3412220414991,82.01831563319331,71.37896175871325,79.91283314446855,1
male,completed,5.693007763461432,6.206420983980558,78.89323103362389,66.7153120205962,78.39084132675289,74.66646146032433,1
male,none,4.906158842241632,8.19139701943274,79.48096226886756,70.5353319294404,48.96004255179952,66.32544558336916,1
female,none,5.954081654446243,5.118565865246126,83.54196082709326,49.71972019513038,93.53771987194409,75.59980029805591,1
male,completed,5.15364378212051,7.440336898249944,66.32986386442155,65.80452692790499,71.03493194634203,67.72310757955618,1
male,none,2.4340155516228608,4.965127293064892,67.95973561108393,69.29713536141557,92.47785348633664,76.57824148627871,1
male,completed,6.99253363889428,7.699644973650289,55.73522156848475,100.0,57.00450506714016,70.91324221187496,1
female,none,4.012486833677375,6.946537776553774,60.25890715959425,54.43246163916171,95.27092883836737,69.98743254570778,1
male,none,1.886836202680498,4.577302276141736,74.23656724656712,90.49848134253412,79.62733241052175,81.45412699987433,1
female,none,4.143769678068175,8.747109031685756,83.05826655753225,83.95602282852131,76.29560128778537,81.10329689127964,1
